ID,Reason
336617000461763066,"Cannot unblock, Email is blocked permanently"
336617000450961390,"Cannot unblock, Email is blocked permanently"
336617000169557021,Email is already unblocked
336617000169430824,Email is already unblocked
336617000169430824,Email is already unblocked
336617000168154708,Email is already unblocked
336617000156157004,Email is already unblocked
336617000156156574,Email is already unblocked
336617000156155375,Email is already unblocked
336617000156154996,Email is already unblocked
336617000156150486,Email is already unblocked
